,original,multivariate
beta error:,0.014095807662269033,0.04845801673502992
alpha error:,7.720105912629026,5.5197868919506465
time_elapsed,236.58,77.21
