,original,multivariate,approximation
beta error,0.009840430228705621,0.032144645361144475,0.0025760789164722686
alpha error,8.24206155095091,4.992357546928772,10.590235997262043
time_elapsed,270.6,64.87,497.83
